min_Dtotal,row_distance,column_distance
177.126324044968,0.179597862894422,176.946726182074
