min_Dtotal,row_distance,column_distance
11933.0297233671,11834.1590231249,98.8707002421823
11933.196328388,11834.3255012115,98.8708271765504
