min_Dtotal,row_distance,column_distance
174.427856396174,0.17996829562906,174.247888100545
