min_Dtotal,row_distance,column_distance
0.258797578742177,0.258797578742177,0
