min_Dtotal,row_distance,column_distance
556.704558920088,533.264954018644,23.4396049014439
