min_Dtotal,row_distance,column_distance
171.284627896203,0.186610265203633,171.098017631
