min_Dtotal,row_distance,column_distance
16.8695676324375,1.5623189090451,15.3072487233924
