min_Dtotal,row_distance,column_distance
0.071436033748828,0.071436033748828,0
