min_Dtotal,row_distance,column_distance
0.23580332409972,0.23580332409972,0
