min_Dtotal,row_distance,column_distance
22834.9138969496,22780.2750300024,54.6388669472441
22856.6171345972,22801.9773034759,54.6398311212419
