min_Dtotal,row_distance,column_distance
260.736966914844,206.022698921095,54.7142679937491
