min_Dtotal,row_distance,column_distance
1.08765432098766,1.08765432098766,0
