min_Dtotal,row_distance,column_distance
0.327067559544837,0.327067559544837,0
