min_Dtotal,row_distance,column_distance
328.917029554123,0.0991675610982838,328.817861993025
