min_Dtotal,row_distance,column_distance
27.7136540854176,3.07774376417234,24.6359103212453
