min_Dtotal,row_distance,column_distance
20.4324858263066,5.09111111111111,15.3413747151954
