min_Dtotal,row_distance,column_distance
208.604208236042,109.567565094904,99.036643141138
