min_Dtotal,row_distance,column_distance
315.422265760989,0.10501124052454,315.317254520464
