min_Dtotal,row_distance,column_distance
3195.52144379505,0.0293801155966111,3195.49206367945
