min_Dtotal,row_distance,column_distance
3.07774376417234,3.07774376417234,0
