min_Dtotal,row_distance,column_distance
73.6396821931607,0.395690901360544,73.2439912918001
