min_Dtotal,row_distance,column_distance
0.246606648199444,0.246606648199444,0
