min_Dtotal,row_distance,column_distance
305.302460974834,0.286964701283594,305.01549627355
