min_Dtotal,row_distance,column_distance
16.4205995664893,1.6218820861678,14.7987174803215
