min_Dtotal,row_distance,column_distance
172.864957287899,0.176631628191174,172.688325659708
