min_Dtotal,row_distance,column_distance
0.535793698915571,0,0.535793698915571
