min_Dtotal,row_distance,column_distance
57.8212883852915,38.6668158823618,19.1544725029297
