min_Dtotal,row_distance,column_distance
1.15324074074074,1.15324074074074,0
