min_Dtotal,row_distance,column_distance
0.0597737427476979,0.0597737427476979,0
