min_Dtotal,row_distance,column_distance
178.91205372668,0.171362592126268,178.740691134553
