min_Dtotal,row_distance,column_distance
16.9109365825305,1.5623189090451,15.3486176734854
