min_Dtotal,row_distance,column_distance
15.2840525290398,0,15.2840525290398
