min_Dtotal,row_distance,column_distance
42.9937631748447,28.1539135946836,14.8398495801611
