min_Dtotal,row_distance,column_distance
0.117141621558389,0.117141621558389,0
