min_Dtotal,row_distance,column_distance
0.0616256982121008,0.0616256982121008,0
