min_Dtotal,row_distance,column_distance
0.0646032346638741,0.0646032346638741,0
