min_Dtotal,row_distance,column_distance
74.8325656093676,0.39061364280278,74.4419519665648
