min_Dtotal,row_distance,column_distance
71.8014346752807,0.412269410229575,71.3891652650511
