min_Dtotal,row_distance,column_distance
0.0292646250301747,0.0292646250301747,0
