min_Dtotal,row_distance,column_distance
1.04074074074074,1.04074074074074,0
