min_Dtotal,row_distance,column_distance
0.0677986545103639,0.0677986545103639,0
