min_Dtotal,row_distance,column_distance
266.403378110354,0.327530770750569,266.075847339603
