min_Dtotal,row_distance,column_distance
42.9367885256086,30.1878643573337,12.7489241682749
