min_Dtotal,row_distance,column_distance
3.26321235714478,0,3.26321235714478
