min_Dtotal,row_distance,column_distance
180.428126519114,0.172808931320917,180.255317587793
