min_Dtotal,row_distance,column_distance
1.6984126984127,1.6984126984127,0
