min_Dtotal,row_distance,column_distance
0.104676971858897,0.104676971858897,0
