min_Dtotal,row_distance,column_distance
485.172250402811,0.184589368438086,484.987661034373
