min_Dtotal,row_distance,column_distance
0.10062359624785,0.10062359624785,0
