min_Dtotal,row_distance,column_distance
0.993827160493828,0.993827160493828,0
