min_Dtotal,row_distance,column_distance
0.114835047752994,0.114835047752994,0
