min_Dtotal,row_distance,column_distance
73.2912989067357,0.406887465785132,72.8844114409506
