min_Dtotal,row_distance,column_distance
74.0046116416947,0.401658003931356,73.6029536377634
