min_Dtotal,row_distance,column_distance
0.0832579193158391,0.0832579193158391,0
