min_Dtotal,row_distance,column_distance
0.946913580246914,0.946913580246914,0
