min_Dtotal,row_distance,column_distance
16.9192645133544,1.63144841269841,15.287816100656
