min_Dtotal,row_distance,column_distance
113.196187320759,0.737249770431589,112.458937550327
