min_Dtotal,row_distance,column_distance
0.186310233655135,0.186310233655135,0
