min_Dtotal,row_distance,column_distance
0.148083333333334,0.148083333333334,0
