min_Dtotal,row_distance,column_distance
0.109608944648015,0.109608944648015,0
