min_Dtotal,row_distance,column_distance
16.5832785764501,1.64101473922902,14.9422638372211
