min_Dtotal,row_distance,column_distance
327.011897618181,0.0986676897638414,326.913229928417
