min_Dtotal,row_distance,column_distance
321.201652495774,0.0983689079568322,321.103283587817
