min_Dtotal,row_distance,column_distance
0.183621328590215,0.183621328590215,0
