min_Dtotal,row_distance,column_distance
769.815016422323,0.1177458399867,769.697270582336
