min_Dtotal,row_distance,column_distance
0.120569832871418,0.120569832871418,0
