min_Dtotal,row_distance,column_distance
0.0566395463510876,0.0566395463510876,0
