min_Dtotal,row_distance,column_distance
1543.05295797235,0.0601835436047899,1542.99277442874
