min_Dtotal,row_distance,column_distance
0.740082780467395,0.740082780467395,0
