min_Dtotal,row_distance,column_distance
175.136495069585,0.17947992802989,174.957015141556
