min_Dtotal,row_distance,column_distance
0.419966695011336,0.419966695011336,0
