min_Dtotal,row_distance,column_distance
332.545301467588,0.0982256934176426,332.44707577417
