min_Dtotal,row_distance,column_distance
327.690622404492,0.0987342032772975,327.591888201215
