min_Dtotal,row_distance,column_distance
0.104710971982927,0.104710971982927,0
