min_Dtotal,row_distance,column_distance
1.34066358024691,1.34066358024691,0
