min_Dtotal,row_distance,column_distance
0.0588573612089984,0.0588573612089984,0
