min_Dtotal,row_distance,column_distance
0.226620498614956,0.226620498614956,0
