min_Dtotal,row_distance,column_distance
72.3095859382106,0.401311649659865,71.9082742885507
