min_Dtotal,row_distance,column_distance
71.2432397962837,0.421182455839977,70.8220573404438
