min_Dtotal,row_distance,column_distance
0.271451044765913,0.271451044765913,0
