min_Dtotal,row_distance,column_distance
322.920402516697,0.0989779937064323,322.82142452299
