min_Dtotal,row_distance,column_distance
0.470485314441357,0.470485314441357,0
