min_Dtotal,row_distance,column_distance
0.183116201921928,0.183116201921928,0
