min_Dtotal,row_distance,column_distance
16.7953347107601,1.60274943310657,15.1925852776535
