min_Dtotal,row_distance,column_distance
0.33372080449827,0.33372080449827,0
