min_Dtotal,row_distance,column_distance
486.397505367886,0.18436379774613,486.21314157014
