min_Dtotal,row_distance,column_distance
0.286230915519035,0.286230915519035,0
