min_Dtotal,row_distance,column_distance
318.296605037189,0.101335575215053,318.195269461974
