min_Dtotal,row_distance,column_distance
16.6556416428692,1.66532029478458,14.9903213480847
