min_Dtotal,row_distance,column_distance
75.8180603002796,0.394221776960581,75.423838523319
