min_Dtotal,row_distance,column_distance
0.127045643323196,0.127045643323196,0
