min_Dtotal,row_distance,column_distance
16.2866799658989,1.72193877551021,14.5647411903887
