min_Dtotal,row_distance,column_distance
177.188205727991,0.175590008908866,177.012615719082
