min_Dtotal,row_distance,column_distance
273.215503865051,46.4644329040858,226.751070960965
