min_Dtotal,row_distance,column_distance
69.6667532318778,0,69.6667532318778
